Attributes,Adj Close,Close,High,Low,Open,Volume
Symbols,GOZDE.IS,GOZDE.IS,GOZDE.IS,GOZDE.IS,GOZDE.IS,GOZDE.IS
Date,,,,,,
2020-01-02,5.130000114440918,5.130000114440918,5.150000095367432,5.070000171661377,5.139999866485596,2219058
2020-01-03,5.28000020980835,5.28000020980835,5.309999942779541,4.980000019073486,5.159999847412109,10398988
2020-01-06,5.21999979019165,5.21999979019165,5.420000076293945,5.170000076293945,5.28000020980835,6571948
2020-01-07,5.289999961853027,5.289999961853027,5.349999904632568,5.25,5.25,4512844
2020-01-08,5.230000019073486,5.230000019073486,5.289999961853027,5.139999866485596,5.159999847412109,2718720
2020-01-09,5.480000019073486,5.480000019073486,5.5,5.28000020980835,5.320000171661377,5507168
2020-01-10,5.389999866485596,5.389999866485596,5.510000228881836,5.389999866485596,5.489999771118164,2350017
2020-01-13,5.380000114440918,5.380000114440918,5.460000038146973,5.360000133514404,5.420000076293945,2588818
2020-01-14,5.369999885559082,5.369999885559082,5.429999828338623,5.309999942779541,5.389999866485596,3493797
2020-01-15,5.25,5.25,5.380000114440918,5.239999771118164,5.369999885559082,3153600
2020-01-16,5.25,5.25,5.340000152587891,5.139999866485596,5.269999980926514,2167093
2020-01-17,5.179999828338623,5.179999828338623,5.320000171661377,5.130000114440918,5.28000020980835,2042248
2020-01-20,5.139999866485596,5.139999866485596,5.25,5.110000133514404,5.210000038146973,3508657
2020-01-21,5.269999980926514,5.269999980926514,5.28000020980835,5.099999904632568,5.150000095367432,3651867
2020-01-22,5.260000228881836,5.260000228881836,5.340000152587891,5.210000038146973,5.309999942779541,2686807
2020-01-23,5.079999923706055,5.079999923706055,5.320000171661377,5.070000171661377,5.21999979019165,6058343
2020-01-24,5.269999980926514,5.269999980926514,5.269999980926514,5.019999980926514,5.130000114440918,5241416
2020-01-27,5.28000020980835,5.28000020980835,5.409999847412109,5.159999847412109,5.230000019073486,5494138
2020-01-28,5.159999847412109,5.159999847412109,5.329999923706055,5.150000095367432,5.289999961853027,2209860
2020-01-29,5.059999942779541,5.059999942779541,5.25,5.059999942779541,5.199999809265137,3553160
2020-01-30,4.96999979019165,4.96999979019165,5.139999866485596,4.920000076293945,5.059999942779541,3271901
2020-01-31,4.96999979019165,4.96999979019165,5.03000020980835,4.849999904632568,4.949999809265137,2064352
2020-02-03,5.019999980926514,5.019999980926514,5.019999980926514,4.920000076293945,4.980000019073486,1596470
2020-02-04,4.980000019073486,4.980000019073486,5.090000152587891,4.980000019073486,5.079999923706055,2796247
2020-02-05,5.230000019073486,5.230000019073486,5.260000228881836,4.96999979019165,4.989999771118164,7257208
2020-02-06,5.320000171661377,5.320000171661377,5.420000076293945,5.269999980926514,5.289999961853027,5684734
2020-02-07,5.230000019073486,5.230000019073486,5.360000133514404,5.190000057220459,5.329999923706055,3603281
2020-02-10,4.989999771118164,4.989999771118164,5.300000190734863,4.760000228881836,5.260000228881836,3941753
2020-02-11,5.03000020980835,5.03000020980835,5.110000133514404,4.940000057220459,5.03000020980835,2145191
2020-02-12,5.019999980926514,5.019999980926514,5.110000133514404,4.949999809265137,5.019999980926514,2313033
2020-02-13,4.980000019073486,4.980000019073486,5.079999923706055,4.960000038146973,5.019999980926514,1730991
2020-02-14,4.889999866485596,4.889999866485596,5.019999980926514,4.880000114440918,4.980000019073486,2382181
2020-02-17,4.840000152587891,4.840000152587891,4.96999979019165,4.840000152587891,4.929999828338623,2436233
2020-02-18,4.650000095367432,4.650000095367432,4.869999885559082,4.650000095367432,4.849999904632568,2430052
2020-02-19,4.510000228881836,4.510000228881836,4.71999979019165,4.5,4.679999828338623,2024689
2020-02-20,4.139999866485596,4.139999866485596,4.519999980926514,4.139999866485596,4.519999980926514,4339945
2020-02-21,4.170000076293945,4.170000076293945,4.210000038146973,3.9100000858306885,4.150000095367432,4766987
2020-02-24,4.059999942779541,4.059999942779541,4.179999828338623,3.990000009536743,4.010000228881836,2139254
2020-02-25,4.230000019073486,4.230000019073486,4.630000114440918,4.099999904632568,4.150000095367432,18309873
2020-02-26,4.230000019073486,4.230000019073486,4.360000133514404,4.190000057220459,4.199999809265137,5745979
2020-02-27,3.9200000762939453,3.9200000762939453,4.21999979019165,3.9100000858306885,4.159999847412109,3239394
2020-02-28,3.690000057220459,3.690000057220459,3.8299999237060547,3.109999895095825,3.109999895095825,3043749
2020-03-02,3.799999952316284,3.799999952316284,3.8499999046325684,3.740000009536743,3.809999942779541,2459644
2020-03-03,3.940000057220459,3.940000057220459,3.9700000286102295,3.880000114440918,3.940000057220459,2182674
2020-03-04,3.819999933242798,3.819999933242798,4.010000228881836,3.819999933242798,3.9600000381469727,2609581
2020-03-05,3.740000009536743,3.740000009536743,3.890000104904175,3.7300000190734863,3.859999895095825,2639838
2020-03-06,3.5799999237060547,3.5799999237060547,3.7799999713897705,3.569999933242798,3.740000009536743,1727893
2020-03-09,3.259999990463257,3.259999990463257,3.8499999046325684,3.0799999237060547,3.4000000953674316,6559166
2020-03-10,3.059999942779541,3.059999942779541,3.440000057220459,3.049999952316284,3.390000104904175,2875427
2020-03-11,3.059999942779541,3.059999942779541,3.059999942779541,3.059999942779541,3.059999942779541,0
2020-03-12,2.75,2.75,3.240000009536743,2.7100000381469727,3.130000114440918,3768632
2020-03-13,2.869999885559082,2.869999885559082,2.940000057220459,2.609999895095825,2.7100000381469727,3262314
2020-03-16,2.5999999046325684,2.5999999046325684,2.7799999713897705,2.5999999046325684,2.7799999713897705,1396965
2020-03-17,2.359999895095825,2.359999895095825,2.619999885559082,2.3399999141693115,2.5999999046325684,2902437
2020-03-18,2.299999952316284,2.299999952316284,2.390000104904175,2.240000009536743,2.3499999046325684,2507384
2020-03-19,2.240000009536743,2.240000009536743,2.380000114440918,2.2300000190734863,2.240000009536743,2674897
2020-03-20,2.299999952316284,2.299999952316284,2.380000114440918,2.2699999809265137,2.319999933242798,5273977
2020-03-23,2.25,2.25,2.359999895095825,2.180000066757202,2.200000047683716,5085290
2020-03-24,2.430000066757202,2.430000066757202,2.440000057220459,2.319999933242798,2.3399999141693115,7756472
2020-03-25,2.440000057220459,2.440000057220459,2.5999999046325684,2.369999885559082,2.4600000381469727,10638083
2020-03-26,2.5899999141693115,2.5899999141693115,2.619999885559082,2.4000000953674316,2.440000057220459,11173495
2020-03-27,2.5199999809265137,2.5199999809265137,2.7200000286102295,2.5,2.609999895095825,11783670
2020-03-30,2.609999895095825,2.609999895095825,2.640000104904175,2.450000047683716,2.5299999713897705,8663972
2020-03-31,2.869999885559082,2.869999885559082,2.869999885559082,2.630000114440918,2.6700000762939453,20349141
2020-04-01,2.930000066757202,2.930000066757202,3.059999942779541,2.7200000286102295,2.799999952316284,14796502
2020-04-02,2.819999933242798,2.819999933242798,3.0299999713897705,2.7699999809265137,3.0,8351117
2020-04-03,2.869999885559082,2.869999885559082,2.9700000286102295,2.799999952316284,2.859999895095825,10600780
2020-04-06,3.0199999809265137,3.0199999809265137,3.049999952316284,2.890000104904175,2.950000047683716,11128597
2020-04-07,3.0399999618530273,3.0399999618530273,3.200000047683716,2.9700000286102295,3.0999999046325684,15733772
2020-04-08,3.0299999713897705,3.0299999713897705,3.0799999237060547,2.940000057220459,3.0299999713897705,5735387
2020-04-09,3.240000009536743,3.240000009536743,3.309999942779541,3.1500000953674316,3.2200000286102295,20432350
2020-04-10,3.4700000286102295,3.4700000286102295,3.5399999618530273,3.1600000858306885,3.25,26025504
2020-04-13,3.809999942779541,3.809999942779541,3.809999942779541,3.4700000286102295,3.4700000286102295,13947915
2020-04-14,4.039999961853027,4.039999961853027,4.159999847412109,3.890000104904175,4.090000152587891,19079760
2020-04-15,3.690000057220459,3.690000057220459,4.050000190734863,3.640000104904175,4.050000190734863,15648059
2020-04-16,3.630000114440918,3.630000114440918,3.7799999713897705,3.5299999713897705,3.690000057220459,14714759
2020-04-17,3.7100000381469727,3.7100000381469727,3.809999942779541,3.6700000762939453,3.740000009536743,9312081
2020-04-20,3.930000066757202,3.930000066757202,3.950000047683716,3.740000009536743,3.759999990463257,10086096
2020-04-21,3.8499999046325684,3.8499999046325684,3.9100000858306885,3.7899999618530273,3.890000104904175,10231329
2020-04-22,3.859999895095825,3.859999895095825,3.930000066757202,3.8299999237060547,3.859999895095825,12313707
2020-04-24,4.03000020980835,4.03000020980835,4.119999885559082,3.880000114440918,3.9000000953674316,21523238
2020-04-27,4.119999885559082,4.119999885559082,4.21999979019165,4.070000171661377,4.110000133514404,15853481
2020-04-28,4.019999980926514,4.019999980926514,4.170000076293945,4.0,4.139999866485596,8885516
2020-04-29,3.9800000190734863,3.9800000190734863,4.070000171661377,3.869999885559082,3.9700000286102295,9081220
2020-04-30,3.890000104904175,3.890000104904175,4.110000133514404,3.819999933242798,4.019999980926514,18042034
2020-05-04,3.759999990463257,3.759999990463257,3.8299999237060547,3.7100000381469727,3.7899999618530273,6851178
2020-05-05,3.75,3.75,3.819999933242798,3.7200000286102295,3.799999952316284,6023135
2020-05-06,3.740000009536743,3.740000009536743,3.7899999618530273,3.7100000381469727,3.7699999809265137,3917901
2020-05-07,3.8499999046325684,3.8499999046325684,3.9600000381469727,3.6600000858306885,3.7300000190734863,17635850
2020-05-08,3.799999952316284,3.799999952316284,3.930000066757202,3.7899999618530273,3.9000000953674316,7149752
2020-05-11,3.7699999809265137,3.7699999809265137,3.8299999237060547,3.7699999809265137,3.799999952316284,3675233
2020-05-12,3.9100000858306885,3.9100000858306885,3.9100000858306885,3.7699999809265137,3.7799999713897705,7168142
2020-05-13,3.9100000858306885,3.9100000858306885,3.990000009536743,3.880000114440918,3.930000066757202,8795296
2020-05-14,3.799999952316284,3.799999952316284,3.950000047683716,3.7799999713897705,3.880000114440918,8116106
2020-05-15,3.890000104904175,3.890000104904175,3.9700000286102295,3.8299999237060547,3.8399999141693115,10667377
2020-05-18,4.050000190734863,4.050000190734863,4.130000114440918,3.9700000286102295,3.9800000190734863,16054052
2020-05-20,4.090000152587891,4.090000152587891,4.170000076293945,4.070000171661377,4.099999904632568,10372502
2020-05-21,4.010000228881836,4.010000228881836,4.099999904632568,3.9700000286102295,4.090000152587891,9385486
2020-05-22,3.9800000190734863,3.9800000190734863,4.010000228881836,3.9000000953674316,4.010000228881836,6018229
2020-05-27,4.059999942779541,4.059999942779541,4.110000133514404,4.03000020980835,4.050000190734863,8338392
2020-05-28,4.0,4.0,4.099999904632568,3.940000057220459,4.079999923706055,5953769
2020-05-29,4.079999923706055,4.079999923706055,4.079999923706055,3.930000066757202,3.9800000190734863,9114938
2020-06-01,4.289999961853027,4.289999961853027,4.510000228881836,4.150000095367432,4.179999828338623,50924355
2020-06-02,4.300000190734863,4.300000190734863,4.369999885559082,4.150000095367432,4.349999904632568,18221630
2020-06-03,4.300000190734863,4.300000190734863,4.400000095367432,4.269999980926514,4.329999923706055,11215891
2020-06-04,4.449999809265137,4.449999809265137,4.510000228881836,4.28000020980835,4.300000190734863,27387084
2020-06-05,4.489999771118164,4.489999771118164,4.590000152587891,4.440000057220459,4.489999771118164,20373811
2020-06-08,4.519999980926514,4.519999980926514,4.659999847412109,4.46999979019165,4.53000020980835,18527025
2020-06-09,4.5,4.5,4.579999923706055,4.400000095367432,4.559999942779541,11818947
2020-06-10,4.489999771118164,4.489999771118164,4.579999923706055,4.449999809265137,4.510000228881836,9949768
2020-06-11,4.559999942779541,4.559999942779541,4.659999847412109,4.400000095367432,4.449999809265137,23627150
2020-06-12,4.639999866485596,4.639999866485596,4.730000019073486,4.480000019073486,4.519999980926514,25807305
2020-06-15,4.630000114440918,4.630000114440918,4.75,4.579999923706055,4.630000114440918,15799969
2020-06-16,4.699999809265137,4.699999809265137,4.829999923706055,4.659999847412109,4.699999809265137,29704705
2020-06-17,4.670000076293945,4.670000076293945,4.739999771118164,4.630000114440918,4.710000038146973,12999713
2020-06-18,4.630000114440918,4.630000114440918,4.71999979019165,4.610000133514404,4.690000057220459,10240726
2020-06-19,4.639999866485596,4.639999866485596,4.679999828338623,4.510000228881836,4.650000095367432,11625745
2020-06-22,4.670000076293945,4.670000076293945,4.739999771118164,4.650000095367432,4.710000038146973,9622631
2020-06-23,4.670000076293945,4.670000076293945,4.75,4.630000114440918,4.670000076293945,12103852
2020-06-24,4.650000095367432,4.650000095367432,4.730000019073486,4.619999885559082,4.690000057220459,12716239
2020-06-25,4.630000114440918,4.630000114440918,4.659999847412109,4.559999942779541,4.650000095367432,8483286
2020-06-26,4.659999847412109,4.659999847412109,4.710000038146973,4.599999904632568,4.659999847412109,7061726
2020-06-29,4.659999847412109,4.659999847412109,4.690000057220459,4.599999904632568,4.619999885559082,7543539
2020-06-30,5.119999885559082,5.119999885559082,5.119999885559082,4.679999828338623,4.699999809265137,51319221
2020-07-01,4.940000057220459,4.940000057220459,5.300000190734863,4.920000076293945,5.119999885559082,35028181
2020-07-02,4.949999809265137,4.949999809265137,5.079999923706055,4.949999809265137,4.989999771118164,14867932
2020-07-03,4.980000019073486,4.980000019073486,5.090000152587891,4.929999828338623,4.949999809265137,13494999
2020-07-06,5.139999866485596,5.139999866485596,5.179999828338623,5.050000190734863,5.070000171661377,18125472
2020-07-07,5.119999885559082,5.119999885559082,5.210000038146973,4.920000076293945,5.159999847412109,16753223
2020-07-08,5.039999961853027,5.039999961853027,5.150000095367432,5.0,5.099999904632568,8659885
2020-07-09,4.809999942779541,4.809999942779541,5.090000152587891,4.809999942779541,5.059999942779541,7288398
2020-07-10,4.690000057220459,4.690000057220459,4.809999942779541,4.559999942779541,4.789999961853027,6781099
2020-07-13,4.929999828338623,4.929999828338623,4.929999828338623,4.78000020980835,4.789999961853027,6370782
2020-07-14,5.0,5.0,5.079999923706055,4.869999885559082,4.889999866485596,11060468
2020-07-16,5.210000038146973,5.210000038146973,5.28000020980835,5.059999942779541,5.070000171661377,23655230
2020-07-17,5.389999866485596,5.389999866485596,5.510000228881836,5.21999979019165,5.25,30543077
2020-07-20,5.920000076293945,5.920000076293945,5.920000076293945,5.519999980926514,5.519999980926514,16120235
2020-07-21,5.809999942779541,5.809999942779541,6.420000076293945,5.71999979019165,6.28000020980835,41938459
2020-07-22,5.929999828338623,5.929999828338623,6.28000020980835,5.699999809265137,5.889999866485596,44455926
2020-07-23,6.179999828338623,6.179999828338623,6.409999847412109,5.989999771118164,5.989999771118164,46875241
2020-07-24,6.03000020980835,6.03000020980835,6.309999942779541,5.989999771118164,6.159999847412109,22119772
2020-07-27,5.960000038146973,5.960000038146973,6.139999866485596,5.949999809265137,6.099999904632568,11858031
2020-07-28,5.53000020980835,5.53000020980835,6.0,5.510000228881836,5.989999771118164,17859583
2020-07-29,5.840000152587891,5.840000152587891,6.010000228881836,5.599999904632568,5.760000228881836,65748393
2020-07-30,5.630000114440918,5.630000114440918,5.860000133514404,5.610000133514404,5.849999904632568,7139765
2020-08-04,5.199999809265137,5.199999809265137,5.78000020980835,5.070000171661377,5.75,20557001
2020-08-05,5.050000190734863,5.050000190734863,5.300000190734863,4.940000057220459,5.28000020980835,13332455
2020-08-06,4.539999961853027,4.539999961853027,5.269999980926514,4.539999961853027,5.010000228881836,23342785
2020-08-07,4.730000019073486,4.730000019073486,4.860000133514404,4.090000152587891,4.480000019073486,18363056
2020-08-10,5.199999809265137,5.199999809265137,5.199999809265137,4.5,4.730000019073486,20345595
2020-08-11,5.239999771118164,5.239999771118164,5.599999904632568,5.070000171661377,5.21999979019165,21992491
2020-08-12,5.230000019073486,5.230000019073486,5.340000152587891,5.139999866485596,5.28000020980835,8624089
2020-08-13,5.010000228881836,5.010000228881836,5.289999961853027,4.96999979019165,5.210000038146973,6587126
2020-08-14,4.880000114440918,4.880000114440918,5.03000020980835,4.78000020980835,4.940000057220459,6023228
2020-08-17,5.019999980926514,5.019999980926514,5.170000076293945,4.820000171661377,4.860000133514404,12196810
2020-08-18,5.190000057220459,5.190000057220459,5.369999885559082,5.010000228881836,5.050000190734863,19508170
2020-08-19,5.28000020980835,5.28000020980835,5.389999866485596,5.239999771118164,5.239999771118164,16522745
2020-08-20,5.340000152587891,5.340000152587891,5.489999771118164,5.21999979019165,5.289999961853027,15488448
2020-08-21,5.21999979019165,5.21999979019165,5.519999980926514,5.139999866485596,5.409999847412109,11193350
2020-08-24,5.25,5.25,5.320000171661377,5.179999828338623,5.21999979019165,6785478
2020-08-25,5.050000190734863,5.050000190734863,5.300000190734863,5.010000228881836,5.269999980926514,8361149
2020-08-26,5.079999923706055,5.079999923706055,5.170000076293945,4.96999979019165,5.03000020980835,9608091
2020-08-27,5.21999979019165,5.21999979019165,5.289999961853027,5.099999904632568,5.110000133514404,13431588
2020-08-28,5.559999942779541,5.559999942779541,5.619999885559082,5.309999942779541,5.320000171661377,42320491
2020-08-31,5.869999885559082,5.869999885559082,6.039999961853027,5.630000114440918,5.639999866485596,51550909
2020-09-01,5.53000020980835,5.53000020980835,5.869999885559082,5.389999866485596,5.869999885559082,28819460
2020-09-02,5.389999866485596,5.389999866485596,5.650000095367432,5.380000114440918,5.550000190734863,11430700
2020-09-03,5.21999979019165,5.21999979019165,5.440000057220459,5.210000038146973,5.429999828338623,10323930
2020-09-04,5.300000190734863,5.300000190734863,5.380000114440918,5.119999885559082,5.210000038146973,11397427
2020-09-07,5.400000095367432,5.400000095367432,5.510000228881836,5.349999904632568,5.360000133514404,11310564
2020-09-08,5.260000228881836,5.260000228881836,5.440000057220459,5.230000019073486,5.420000076293945,8721221
2020-09-09,5.300000190734863,5.300000190734863,5.429999828338623,5.239999771118164,5.25,11188441
2020-09-10,5.360000133514404,5.360000133514404,5.440000057220459,5.309999942779541,5.329999923706055,13191346
2020-09-11,5.389999866485596,5.389999866485596,5.460000038146973,5.340000152587891,5.380000114440918,15123908
2020-09-14,5.510000228881836,5.510000228881836,5.559999942779541,5.429999828338623,5.440000057220459,16050692
2020-09-15,5.460000038146973,5.460000038146973,5.639999866485596,5.320000171661377,5.599999904632568,11451467
2020-09-16,5.429999828338623,5.429999828338623,5.5,5.380000114440918,5.46999979019165,7370423
2020-09-17,5.429999828338623,5.429999828338623,5.460000038146973,5.349999904632568,5.409999847412109,9802996
2020-09-18,5.420000076293945,5.420000076293945,5.53000020980835,5.409999847412109,5.429999828338623,11964631
2020-09-21,5.199999809265137,5.199999809265137,5.449999809265137,5.179999828338623,5.429999828338623,7377108
2020-09-22,5.210000038146973,5.210000038146973,5.260000228881836,5.139999866485596,5.210000038146973,6336841
2020-09-23,5.300000190734863,5.300000190734863,5.360000133514404,5.210000038146973,5.21999979019165,11755606
2020-09-24,5.550000190734863,5.550000190734863,5.550000190734863,5.239999771118164,5.269999980926514,12942776
2020-09-25,5.769999980926514,5.769999980926514,5.829999923706055,5.539999961853027,5.639999866485596,37062903
2020-09-28,5.789999961853027,5.789999961853027,6.039999961853027,5.75,5.789999961853027,39632688
2020-09-29,5.619999885559082,5.619999885559082,5.909999847412109,5.570000171661377,5.860000133514404,16533393
2020-09-30,5.579999923706055,5.579999923706055,5.670000076293945,5.570000171661377,5.670000076293945,8140893
2020-10-01,5.659999847412109,5.659999847412109,6.139999866485596,5.619999885559082,5.679999828338623,70294363
2020-10-02,5.659999847412109,5.659999847412109,5.829999923706055,5.619999885559082,5.710000038146973,18463368
2020-10-05,5.739999771118164,5.739999771118164,5.809999942779541,5.690000057220459,5.690000057220459,14693799
2020-10-06,5.739999771118164,5.739999771118164,5.860000133514404,5.710000038146973,5.760000228881836,14911773
2020-10-07,5.75,5.75,5.840000152587891,5.690000057220459,5.699999809265137,15915991
2020-10-08,5.849999904632568,5.849999904632568,5.940000057220459,5.760000228881836,5.800000190734863,26454368
2020-10-09,6.130000114440918,6.130000114440918,6.320000171661377,5.889999866485596,5.900000095367432,54423944
2020-10-12,6.75,6.75,6.75,6.210000038146973,6.210000038146973,38916334
2020-10-13,6.400000095367432,6.400000095367432,7.0,6.329999923706055,6.920000076293945,35333496
2020-10-14,6.599999904632568,6.599999904632568,6.75,6.409999847412109,6.429999828338623,24051807
2020-10-15,6.5,6.5,6.789999961853027,6.489999771118164,6.579999923706055,17733854
2020-10-16,6.599999904632568,6.599999904632568,6.78000020980835,6.559999942779541,6.570000171661377,21930120
2020-10-19,6.699999809265137,6.699999809265137,6.840000152587891,6.619999885559082,6.639999866485596,22350329
2020-10-20,6.710000038146973,6.710000038146973,6.829999923706055,6.639999866485596,6.760000228881836,14293857
2020-10-21,6.710000038146973,6.710000038146973,6.949999809265137,6.690000057220459,6.71999979019165,30165660
2020-10-22,6.559999942779541,6.559999942779541,6.769999980926514,6.539999961853027,6.75,14510132
2020-10-23,6.429999828338623,6.429999828338623,6.71999979019165,6.320000171661377,6.559999942779541,15448445
2020-10-26,5.849999904632568,5.849999904632568,6.400000095367432,5.840000152587891,6.400000095367432,12772009
2020-10-27,5.929999828338623,5.929999828338623,6.099999904632568,5.5,5.670000076293945,11783965
2020-10-28,5.650000095367432,5.650000095367432,5.900000095367432,5.650000095367432,5.78000020980835,4659075
2020-10-30,5.550000190734863,5.550000190734863,5.650000095367432,5.429999828338623,5.579999923706055,6430418
2020-11-02,5.789999961853027,5.789999961853027,5.949999809265137,5.559999942779541,5.619999885559082,10465435
2020-11-03,6.099999904632568,6.099999904632568,6.28000020980835,5.800000190734863,5.800000190734863,23075124
2020-11-04,6.340000152587891,6.340000152587891,6.449999809265137,6.119999885559082,6.130000114440918,12920566
2020-11-05,6.710000038146973,6.710000038146973,6.789999961853027,6.389999866485596,6.420000076293945,18493765
2020-11-06,6.960000038146973,6.960000038146973,7.25,6.510000228881836,6.800000190734863,65642512
2020-11-09,6.869999885559082,6.869999885559082,7.329999923706055,6.820000171661377,7.0,34884018
2020-11-10,6.670000076293945,6.670000076293945,6.960000038146973,6.630000114440918,6.800000190734863,13037765
2020-11-11,6.619999885559082,6.619999885559082,7.059999942779541,6.590000152587891,6.760000228881836,31125092
2020-11-12,6.360000133514404,6.360000133514404,6.690000057220459,6.320000171661377,6.650000095367432,12355163
2020-11-13,6.5,6.5,6.550000190734863,6.289999961853027,6.360000133514404,11575267
2020-11-16,6.46999979019165,6.46999979019165,6.630000114440918,6.460000038146973,6.599999904632568,6820559
2020-11-17,6.210000038146973,6.210000038146973,6.510000228881836,6.199999809265137,6.46999979019165,9886619
2020-11-18,6.239999771118164,6.239999771118164,6.369999885559082,6.210000038146973,6.210000038146973,5230602
2020-11-19,6.489999771118164,6.489999771118164,6.510000228881836,6.170000076293945,6.25,11348983
2020-11-20,6.5,6.5,6.630000114440918,6.480000019073486,6.539999961853027,7868946
2020-11-23,6.380000114440918,6.380000114440918,6.630000114440918,6.289999961853027,6.510000228881836,10164368
2020-11-24,6.369999885559082,6.369999885559082,6.46999979019165,6.320000171661377,6.400000095367432,5800759
2020-11-25,6.360000133514404,6.360000133514404,6.489999771118164,6.360000133514404,6.389999866485596,6450972
2020-11-26,6.460000038146973,6.460000038146973,6.519999980926514,6.360000133514404,6.400000095367432,11939706
2020-11-27,6.519999980926514,6.519999980926514,6.579999923706055,6.389999866485596,6.480000019073486,10924052
2020-11-30,6.650000095367432,6.650000095367432,6.800000190734863,6.46999979019165,6.570000171661377,28179226
2020-12-01,6.820000171661377,6.820000171661377,6.849999904632568,6.639999866485596,6.699999809265137,20172657
2020-12-02,7.019999980926514,7.019999980926514,7.03000020980835,6.75,6.829999923706055,26106229
2020-12-03,6.909999847412109,6.909999847412109,7.309999942779541,6.900000095367432,7.050000190734863,35075888
2020-12-04,6.849999904632568,6.849999904632568,6.949999809265137,6.769999980926514,6.940000057220459,17259928
2020-12-07,6.96999979019165,6.96999979019165,7.179999828338623,6.78000020980835,6.820000171661377,27566114
2020-12-08,6.829999923706055,6.829999923706055,7.010000228881836,6.829999923706055,6.989999771118164,14726929
2020-12-09,7.110000133514404,7.110000133514404,7.170000076293945,6.840000152587891,6.849999904632568,17836023
2020-12-10,6.900000095367432,6.900000095367432,7.190000057220459,6.869999885559082,7.139999866485596,10620416
2020-12-11,6.889999866485596,6.889999866485596,6.949999809265137,6.769999980926514,6.860000133514404,8181008
2020-12-14,6.929999828338623,6.929999828338623,7.03000020980835,6.929999828338623,7.0,7468584
2020-12-15,6.909999847412109,6.909999847412109,6.960000038146973,6.849999904632568,6.929999828338623,9298807
2020-12-16,7.050000190734863,7.050000190734863,7.130000114440918,6.909999847412109,6.920000076293945,21899747
2020-12-17,7.380000114440918,7.380000114440918,7.599999904632568,7.099999904632568,7.139999866485596,45688114
2020-12-18,7.320000171661377,7.320000171661377,7.510000228881836,7.239999771118164,7.360000133514404,25951953
2020-12-21,7.730000019073486,7.730000019073486,7.769999980926514,7.320000171661377,7.420000076293945,35287028
2020-12-22,7.599999904632568,7.599999904632568,7.889999866485596,7.590000152587891,7.769999980926514,24601761
2020-12-23,7.730000019073486,7.730000019073486,7.840000152587891,7.599999904632568,7.630000114440918,17513358
2020-12-24,7.75,7.75,7.820000171661377,7.610000133514404,7.75,18061563
2020-12-25,7.710000038146973,7.710000038146973,7.869999885559082,7.679999828338623,7.71999979019165,17189902
2020-12-28,7.800000190734863,7.800000190734863,7.929999828338623,7.730000019073486,7.75,15462902
2020-12-29,7.650000095367432,7.650000095367432,7.840000152587891,7.639999866485596,7.829999923706055,8559203
2020-12-30,8.069999694824219,8.069999694824219,8.279999732971191,7.670000076293945,7.670000076293945,34073421
2020-12-31,7.960000038146973,7.960000038146973,8.130000114440918,7.869999885559082,8.09000015258789,14803540
2021-01-04,8.600000381469727,8.600000381469727,8.75,8.029999732971191,8.100000381469727,27220868
2021-01-05,7.75,7.75,8.300000190734863,7.75,8.289999961853027,31279859
2021-01-06,7.349999904632568,7.349999904632568,7.550000190734863,7.25,7.550000190734863,27805872
2021-01-07,7.320000171661377,7.320000171661377,7.579999923706055,7.309999942779541,7.429999828338623,15093210
2021-01-08,7.170000076293945,7.170000076293945,7.360000133514404,7.170000076293945,7.340000152587891,12792194
2021-01-11,6.980000019073486,6.980000019073486,7.199999809265137,6.909999847412109,7.110000133514404,12793797
2021-01-12,7.099999904632568,7.099999904632568,7.239999771118164,6.980000019073486,7.0,15499076
2021-01-13,7.460000038146973,7.460000038146973,7.539999961853027,7.159999847412109,7.159999847412109,19280514
2021-01-14,7.320000171661377,7.320000171661377,7.53000020980835,7.239999771118164,7.510000228881836,11499332
2021-01-15,7.090000152587891,7.090000152587891,7.409999847412109,7.050000190734863,7.300000190734863,9797021
2021-01-18,7.050000190734863,7.050000190734863,7.099999904632568,6.96999979019165,7.079999923706055,7427938
2021-01-19,7.21999979019165,7.21999979019165,7.28000020980835,7.059999942779541,7.079999923706055,10547129
2021-01-20,7.130000114440918,7.130000114440918,7.260000228881836,7.090000152587891,7.230000019073486,7959644
2021-01-21,7.099999904632568,7.099999904632568,7.230000019073486,7.090000152587891,7.159999847412109,6598827
2021-01-22,7.010000228881836,7.010000228881836,7.139999866485596,6.980000019073486,7.099999904632568,6024441
2021-01-25,7.03000020980835,7.03000020980835,7.119999885559082,7.019999980926514,7.050000190734863,8402573
2021-01-26,7.139999866485596,7.139999866485596,7.28000020980835,7.019999980926514,7.050000190734863,14544292
2021-01-27,6.679999828338623,6.679999828338623,7.309999942779541,6.679999828338623,7.179999828338623,16274778
2021-01-28,6.829999923706055,6.829999923706055,6.889999866485596,6.400000095367432,6.650000095367432,9729266
2021-01-29,6.699999809265137,6.699999809265137,6.809999942779541,6.670000076293945,6.710000038146973,5201789
2021-02-01,6.840000152587891,6.840000152587891,6.900000095367432,6.710000038146973,6.730000019073486,6511186
2021-02-02,6.980000019073486,6.980000019073486,7.059999942779541,6.869999885559082,6.869999885559082,6362835
2021-02-03,7.059999942779541,7.059999942779541,7.139999866485596,7.0,7.010000228881836,6636270
2021-02-04,7.28000020980835,7.28000020980835,7.309999942779541,7.070000171661377,7.179999828338623,13335547
2021-02-05,7.150000095367432,7.150000095367432,7.349999904632568,7.139999866485596,7.320000171661377,8851148
2021-02-08,7.860000133514404,7.860000133514404,7.860000133514404,7.079999923706055,7.199999809265137,75843916
2021-02-09,7.349999904632568,7.349999904632568,7.920000076293945,7.349999904632568,7.900000095367432,34408017
2021-02-10,7.28000020980835,7.28000020980835,7.570000171661377,7.28000020980835,7.389999866485596,14506300
2021-02-11,7.170000076293945,7.170000076293945,7.360000133514404,7.170000076293945,7.28000020980835,12442784
2021-02-12,7.079999923706055,7.079999923706055,7.190000057220459,7.03000020980835,7.150000095367432,10634445
2021-02-15,7.320000171661377,7.320000171661377,7.579999923706055,7.309999942779541,7.349999904632568,24134229
2021-02-16,7.150000095367432,7.150000095367432,7.400000095367432,7.0,7.360000133514404,11438321
2021-02-17,7.079999923706055,7.079999923706055,7.199999809265137,7.039999961853027,7.179999828338623,9523754
2021-02-18,7.079999923706055,7.079999923706055,7.21999979019165,7.059999942779541,7.079999923706055,9538342
2021-02-19,7.150000095367432,7.150000095367432,7.360000133514404,7.050000190734863,7.119999885559082,21015539
2021-02-22,7.079999923706055,7.079999923706055,7.269999980926514,7.059999942779541,7.179999828338623,11910513
2021-02-23,6.800000190734863,6.800000190734863,7.150000095367432,6.800000190734863,7.119999885559082,7654662
2021-02-24,6.46999979019165,6.46999979019165,6.869999885559082,6.46999979019165,6.789999961853027,6532285
2021-02-25,6.389999866485596,6.389999866485596,6.690000057220459,6.260000228881836,6.559999942779541,7567257
2021-02-26,6.199999809265137,6.199999809265137,6.300000190734863,6.090000152587891,6.099999904632568,6433205
2021-03-01,6.559999942779541,6.559999942779541,6.559999942779541,6.25,6.260000228881836,6108189
2021-03-02,7.210000038146973,7.210000038146973,7.210000038146973,6.989999771118164,7.210000038146973,16408092
2021-03-03,7.929999828338623,7.929999828338623,7.929999828338623,7.679999828338623,7.900000095367432,17354583
2021-03-04,7.730000019073486,7.730000019073486,8.619999885559082,7.659999847412109,8.5,53561273
2021-03-05,7.46999979019165,7.46999979019165,7.929999828338623,7.449999809265137,7.650000095367432,31106318
2021-03-08,8.210000038146973,8.210000038146973,8.210000038146973,7.460000038146973,7.53000020980835,59329169
2021-03-09,8.3100004196167,8.3100004196167,9.010000228881836,8.279999732971191,8.449999809265137,67620129
2021-03-10,8.260000228881836,8.260000228881836,8.649999618530273,8.220000267028809,8.319999694824219,30242767
2021-03-11,8.100000381469727,8.100000381469727,8.5600004196167,7.989999771118164,8.369999885559082,22127103
2021-03-12,8.3100004196167,8.3100004196167,8.470000267028809,8.050000190734863,8.170000076293945,33502506
2021-03-15,9.140000343322754,9.140000343322754,9.140000343322754,8.670000076293945,8.75,37341635
2021-03-16,8.819999694824219,8.819999694824219,9.550000190734863,8.729999542236328,9.300000190734863,79905978
2021-03-17,8.510000228881836,8.510000228881836,9.020000457763672,8.5,8.920000076293945,28485457
2021-03-18,8.270000457763672,8.270000457763672,8.579999923706055,8.210000038146973,8.4399995803833,21429356
2021-03-19,8.109999656677246,8.109999656677246,8.350000381469727,7.860000133514404,8.270000457763672,18653049
2021-03-22,7.300000190734863,7.300000190734863,7.670000076293945,7.300000190734863,7.429999828338623,8271728
2021-03-23,6.860000133514404,6.860000133514404,7.300000190734863,6.570000171661377,6.610000133514404,40176332
2021-03-24,7.150000095367432,7.150000095367432,7.25,6.960000038146973,7.010000228881836,36836435
2021-03-25,7.46999979019165,7.46999979019165,7.860000133514404,7.210000038146973,7.210000038146973,60502909
2021-03-26,7.329999923706055,7.329999923706055,7.690000057220459,7.150000095367432,7.579999923706055,25668360
2021-03-29,7.420000076293945,7.420000076293945,7.480000019073486,7.210000038146973,7.400000095367432,21008902
2021-03-30,7.480000019073486,7.480000019073486,7.849999904632568,7.340000152587891,7.420000076293945,37918665
2021-03-31,7.380000114440918,7.380000114440918,7.630000114440918,7.369999885559082,7.5,12475766
2021-04-01,7.480000019073486,7.480000019073486,7.579999923706055,7.420000076293945,7.420000076293945,17034549
2021-04-02,7.75,7.75,7.949999809265137,7.510000228881836,7.550000190734863,48302647
2021-04-05,7.739999771118164,7.739999771118164,7.889999866485596,7.679999828338623,7.78000020980835,16144462
2021-04-06,7.460000038146973,7.460000038146973,7.849999904632568,7.460000038146973,7.769999980926514,17328253
2021-04-07,7.349999904632568,7.349999904632568,7.519999980926514,7.300000190734863,7.46999979019165,10834127
2021-04-08,7.429999828338623,7.429999828338623,7.599999904632568,7.380000114440918,7.400000095367432,13373641
2021-04-09,7.110000133514404,7.110000133514404,7.409999847412109,7.070000171661377,7.400000095367432,17806927
2021-04-12,6.900000095367432,6.900000095367432,7.190000057220459,6.880000114440918,7.099999904632568,11442192
2021-04-13,6.820000171661377,6.820000171661377,7.0,6.690000057220459,6.989999771118164,12967430
2021-04-14,7.159999847412109,7.159999847412109,7.210000038146973,6.880000114440918,6.880000114440918,13409781
2021-04-15,6.940000057220459,6.940000057220459,7.28000020980835,6.869999885559082,7.179999828338623,12165144
2021-04-16,6.849999904632568,6.849999904632568,7.050000190734863,6.840000152587891,6.940000057220459,6141638
2021-04-19,6.650000095367432,6.650000095367432,7.0,6.650000095367432,6.900000095367432,9487354
2021-04-20,6.78000020980835,6.78000020980835,6.960000038146973,6.559999942779541,6.699999809265137,11643543
2021-04-21,6.389999866485596,6.389999866485596,6.840000152587891,6.25,6.78000020980835,7972906
2021-04-22,6.449999809265137,6.449999809265137,6.489999771118164,6.130000114440918,6.389999866485596,9872005
2021-04-26,6.78000020980835,6.78000020980835,6.78000020980835,6.409999847412109,6.409999847412109,10559038
2021-04-27,6.800000190734863,6.800000190734863,6.960000038146973,6.739999771118164,6.809999942779541,6827017
2021-04-28,6.659999847412109,6.659999847412109,6.840000152587891,6.659999847412109,6.789999961853027,5691712
2021-04-29,6.699999809265137,6.699999809265137,6.78000020980835,6.670000076293945,6.670000076293945,5527242
2021-04-30,7.369999885559082,7.369999885559082,7.369999885559082,7.139999866485596,7.360000133514404,23053722
2021-05-03,7.159999847412109,7.159999847412109,7.349999904632568,7.139999866485596,7.260000228881836,16102695
2021-05-04,6.900000095367432,6.900000095367432,7.210000038146973,6.889999866485596,7.159999847412109,12160918
2021-05-05,6.840000152587891,6.840000152587891,7.019999980926514,6.78000020980835,6.920000076293945,8917024
2021-05-06,6.78000020980835,6.78000020980835,6.860000133514404,6.769999980926514,6.849999904632568,6412890
2021-05-07,6.75,6.75,6.920000076293945,6.71999979019165,6.789999961853027,10744933
2021-05-10,6.730000019073486,6.730000019073486,6.809999942779541,6.71999979019165,6.78000020980835,8475187
2021-05-11,6.519999980926514,6.519999980926514,6.71999979019165,6.519999980926514,6.670000076293945,9996311
2021-05-12,6.440000057220459,6.440000057220459,6.53000020980835,6.420000076293945,6.5,2196105
2021-05-17,6.480000019073486,6.480000019073486,6.559999942779541,6.449999809265137,6.489999771118164,9319937
2021-05-18,6.5,6.5,6.599999904632568,6.5,6.5,6590555
2021-05-20,6.440000057220459,6.440000057220459,6.510000228881836,6.429999828338623,6.480000019073486,3877402
2021-05-21,6.409999847412109,6.409999847412109,6.489999771118164,6.400000095367432,6.460000038146973,5716901
2021-05-24,6.320000171661377,6.320000171661377,6.409999847412109,6.300000190734863,6.400000095367432,3938236
2021-05-25,6.0,6.0,6.349999904632568,5.989999771118164,6.340000152587891,6436238
2021-05-26,5.989999771118164,5.989999771118164,6.090000152587891,5.880000114440918,6.019999980926514,5931032
2021-05-27,5.889999866485596,5.889999866485596,5.989999771118164,5.880000114440918,5.980000019073486,3982128
2021-05-28,6.039999961853027,6.039999961853027,6.289999961853027,5.889999866485596,5.889999866485596,14982552
2021-05-31,5.929999828338623,5.929999828338623,6.090000152587891,5.920000076293945,6.039999961853027,3769413
2021-06-01,5.960000038146973,5.960000038146973,6.019999980926514,5.929999828338623,5.929999828338623,3392385
2021-06-02,5.96999979019165,5.96999979019165,6.019999980926514,5.849999904632568,5.849999904632568,5072902
2021-06-03,5.940000057220459,5.940000057220459,6.050000190734863,5.909999847412109,5.96999979019165,4549849
2021-06-04,5.909999847412109,5.909999847412109,5.96999979019165,5.909999847412109,5.949999809265137,2399823
2021-06-07,5.949999809265137,5.949999809265137,5.980000019073486,5.889999866485596,5.920000076293945,4376507
2021-06-08,6.019999980926514,6.019999980926514,6.269999980926514,5.980000019073486,5.980000019073486,11687495
2021-06-09,5.96999979019165,5.96999979019165,6.079999923706055,5.960000038146973,6.03000020980835,4272244
2021-06-10,5.920000076293945,5.920000076293945,6.010000228881836,5.900000095367432,5.980000019073486,4909115
2021-06-11,5.909999847412109,5.909999847412109,5.949999809265137,5.889999866485596,5.940000057220459,2453675
2021-06-14,5.860000133514404,5.860000133514404,5.960000038146973,5.860000133514404,5.929999828338623,3258887
2021-06-15,5.75,5.75,5.900000095367432,5.730000019073486,5.840000152587891,4099716
2021-06-16,5.800000190734863,5.800000190734863,5.960000038146973,5.71999979019165,5.730000019073486,10439620
2021-06-17,5.650000095367432,5.650000095367432,5.800000190734863,5.630000114440918,5.739999771118164,4191840
2021-06-18,5.570000171661377,5.570000171661377,5.71999979019165,5.559999942779541,5.659999847412109,2703890
2021-06-21,5.559999942779541,5.559999942779541,5.579999923706055,5.489999771118164,5.550000190734863,2728273
2021-06-22,5.639999866485596,5.639999866485596,5.690000057220459,5.559999942779541,5.570000171661377,3719069
2021-06-23,5.670000076293945,5.670000076293945,5.71999979019165,5.639999866485596,5.659999847412109,4786473
2021-06-24,5.840000152587891,5.840000152587891,5.909999847412109,5.670000076293945,5.670000076293945,7298812
2021-06-25,5.739999771118164,5.739999771118164,5.880000114440918,5.730000019073486,5.849999904632568,4516252
2021-06-28,5.510000228881836,5.510000228881836,5.789999961853027,5.5,5.78000020980835,3654453
2021-06-29,5.539999961853027,5.539999961853027,5.570000171661377,5.420000076293945,5.489999771118164,4820667
2021-06-30,5.420000076293945,5.420000076293945,5.570000171661377,5.420000076293945,5.550000190734863,2982199
2021-07-01,5.460000038146973,5.460000038146973,5.519999980926514,5.389999866485596,5.440000057220459,4346380
2021-07-02,5.429999828338623,5.429999828338623,5.5,5.400000095367432,5.480000019073486,3253535
2021-07-05,5.539999961853027,5.539999961853027,5.550000190734863,5.429999828338623,5.429999828338623,5184147
2021-07-06,5.570000171661377,5.570000171661377,5.730000019073486,5.539999961853027,5.550000190734863,8169477
2021-07-07,5.550000190734863,5.550000190734863,5.630000114440918,5.519999980926514,5.590000152587891,5755193
2021-07-08,5.429999828338623,5.429999828338623,5.590000152587891,5.420000076293945,5.53000020980835,5150320
2021-07-09,5.440000057220459,5.440000057220459,5.480000019073486,5.409999847412109,5.429999828338623,3206343
2021-07-12,5.269999980926514,5.269999980926514,5.460000038146973,5.260000228881836,5.429999828338623,2912964
2021-07-13,5.150000095367432,5.150000095367432,5.28000020980835,5.119999885559082,5.25,2960021
2021-07-14,5.170000076293945,5.170000076293945,5.230000019073486,5.150000095367432,5.150000095367432,3066011
2021-07-16,5.199999809265137,5.199999809265137,5.269999980926514,5.170000076293945,5.179999828338623,2773551
2021-07-19,5.139999866485596,5.139999866485596,5.210000038146973,5.130000114440918,5.199999809265137,1272853
2021-07-26,5.199999809265137,5.199999809265137,5.25,5.150000095367432,5.150000095367432,3260351
2021-07-27,5.309999942779541,5.309999942779541,5.369999885559082,5.199999809265137,5.210000038146973,4897008
2021-07-28,5.230000019073486,5.230000019073486,5.389999866485596,5.230000019073486,5.320000171661377,4164207
2021-07-29,5.329999923706055,5.329999923706055,5.380000114440918,5.28000020980835,5.28000020980835,3616663
2021-07-30,5.519999980926514,5.519999980926514,5.599999904632568,5.269999980926514,5.309999942779541,12380933
2021-08-02,5.559999942779541,5.559999942779541,5.699999809265137,5.539999961853027,5.539999961853027,6212318
2021-08-03,5.46999979019165,5.46999979019165,5.590000152587891,5.449999809265137,5.539999961853027,4140597
2021-08-04,5.550000190734863,5.550000190734863,5.599999904632568,5.480000019073486,5.489999771118164,6034257
2021-08-05,5.619999885559082,5.619999885559082,5.639999866485596,5.53000020980835,5.53000020980835,5516725
2021-08-06,5.78000020980835,5.78000020980835,5.960000038146973,5.760000228881836,5.78000020980835,13699221
2021-08-09,5.639999866485596,5.639999866485596,5.809999942779541,5.639999866485596,5.78000020980835,5240672
2021-08-10,5.650000095367432,5.650000095367432,5.730000019073486,5.630000114440918,5.639999866485596,4054153
2021-08-11,5.420000076293945,5.420000076293945,5.679999828338623,5.420000076293945,5.659999847412109,6006713
2021-08-12,5.610000133514404,5.610000133514404,5.619999885559082,5.460000038146973,5.46999979019165,5476958
2021-08-13,5.550000190734863,5.550000190734863,5.630000114440918,5.539999961853027,5.579999923706055,2952140
2021-08-16,5.710000038146973,5.710000038146973,5.760000228881836,5.550000190734863,5.550000190734863,5208140
2021-08-17,5.699999809265137,5.699999809265137,5.789999961853027,5.670000076293945,5.71999979019165,4752316
2021-08-18,5.590000152587891,5.590000152587891,5.760000228881836,5.590000152587891,5.710000038146973,4259231
2021-08-19,5.599999904632568,5.599999904632568,5.610000133514404,5.539999961853027,5.550000190734863,3157469
2021-08-20,5.590000152587891,5.590000152587891,5.690000057220459,5.570000171661377,5.570000171661377,5965656
2021-08-23,5.610000133514404,5.610000133514404,5.670000076293945,5.559999942779541,5.619999885559082,5473502
2021-08-24,5.639999866485596,5.639999866485596,5.690000057220459,5.619999885559082,5.619999885559082,4899222
2021-08-25,5.639999866485596,5.639999866485596,5.730000019073486,5.630000114440918,5.659999847412109,10582021
2021-08-26,5.570000171661377,5.570000171661377,5.739999771118164,5.550000190734863,5.639999866485596,9399472
2021-08-27,5.579999923706055,5.579999923706055,5.610000133514404,5.510000228881836,5.590000152587891,3148672
2021-08-31,5.619999885559082,5.619999885559082,5.670000076293945,5.590000152587891,5.610000133514404,4803700
2021-09-01,5.730000019073486,5.730000019073486,5.889999866485596,5.630000114440918,5.630000114440918,16415413
2021-09-02,5.889999866485596,5.889999866485596,5.920000076293945,5.730000019073486,5.730000019073486,9799489
2021-09-03,5.800000190734863,5.800000190734863,5.929999828338623,5.78000020980835,5.889999866485596,5647002
2021-09-06,6.260000228881836,6.260000228881836,6.349999904632568,5.820000171661377,5.820000171661377,20702996
2021-09-07,6.230000019073486,6.230000019073486,6.550000190734863,6.150000095367432,6.199999809265137,17130464
2021-09-08,6.25,6.25,6.460000038146973,6.210000038146973,6.230000019073486,14168424
2021-09-09,6.159999847412109,6.159999847412109,6.369999885559082,6.099999904632568,6.25,8866757
2021-09-10,6.070000171661377,6.070000171661377,6.25,6.050000190734863,6.159999847412109,5720073
2021-09-13,6.0,6.0,6.289999961853027,5.960000038146973,6.070000171661377,15153185
2021-09-14,5.869999885559082,5.869999885559082,6.079999923706055,5.849999904632568,6.019999980926514,6568949
2021-09-15,5.769999980926514,5.769999980926514,5.940000057220459,5.75,5.880000114440918,5984503
2021-09-16,5.670000076293945,5.670000076293945,5.829999923706055,5.639999866485596,5.789999961853027,4933651
2021-09-17,5.679999828338623,5.679999828338623,5.78000020980835,5.639999866485596,5.690000057220459,5766774
2021-09-20,5.519999980926514,5.519999980926514,5.630000114440918,5.46999979019165,5.630000114440918,5971412
2021-09-21,5.510000228881836,5.510000228881836,5.610000133514404,5.480000019073486,5.550000190734863,3991600
2021-09-22,5.699999809265137,5.699999809265137,5.71999979019165,5.550000190734863,5.550000190734863,8191960
2021-09-23,5.679999828338623,5.679999828338623,5.769999980926514,5.619999885559082,5.699999809265137,5880707
2021-09-24,5.880000114440918,5.880000114440918,6.03000020980835,5.639999866485596,5.690000057220459,14232083
2021-09-27,5.860000133514404,5.860000133514404,6.0,5.769999980926514,5.909999847412109,6654443
2021-09-28,5.710000038146973,5.710000038146973,5.869999885559082,5.690000057220459,5.849999904632568,3958413
2021-09-29,5.75,5.75,5.800000190734863,5.710000038146973,5.730000019073486,5623786
2021-09-30,5.75,5.75,5.849999904632568,5.739999771118164,5.760000228881836,5948755
2021-10-01,5.730000019073486,5.730000019073486,5.800000190734863,5.690000057220459,5.710000038146973,5611294
2021-10-04,5.760000228881836,5.760000228881836,5.860000133514404,5.730000019073486,5.730000019073486,9981039
2021-10-05,5.789999961853027,5.789999961853027,5.820000171661377,5.739999771118164,5.760000228881836,5592099
2021-10-06,5.630000114440918,5.630000114440918,5.809999942779541,5.579999923706055,5.769999980926514,8520057
2021-10-07,5.650000095367432,5.650000095367432,5.699999809265137,5.630000114440918,5.679999828338623,4564592
2021-10-08,5.630000114440918,5.630000114440918,5.690000057220459,5.619999885559082,5.650000095367432,4745822
2021-10-11,5.699999809265137,5.699999809265137,5.730000019073486,5.639999866485596,5.639999866485596,4105813
2021-10-12,5.71999979019165,5.71999979019165,5.760000228881836,5.650000095367432,5.659999847412109,5287861
2021-10-13,5.699999809265137,5.699999809265137,5.840000152587891,5.670000076293945,5.730000019073486,10406941
2021-10-14,5.650000095367432,5.650000095367432,5.75,5.639999866485596,5.670000076293945,4747997
2021-10-15,5.619999885559082,5.619999885559082,5.699999809265137,5.590000152587891,5.670000076293945,4066666
2021-10-18,5.619999885559082,5.619999885559082,5.639999866485596,5.539999961853027,5.619999885559082,4120422
2021-10-19,5.650000095367432,5.650000095367432,5.679999828338623,5.630000114440918,5.630000114440918,3979769
2021-10-20,5.800000190734863,5.800000190734863,5.829999923706055,5.619999885559082,5.650000095367432,13881273
2021-10-21,5.739999771118164,5.739999771118164,5.78000020980835,5.670000076293945,5.760000228881836,9647772
2021-10-22,5.869999885559082,5.869999885559082,5.909999847412109,5.75,5.75,11608399
2021-10-25,5.96999979019165,5.96999979019165,6.03000020980835,5.820000171661377,5.849999904632568,12193735
2021-10-26,6.110000133514404,6.110000133514404,6.110000133514404,5.989999771118164,6.0,12584464
2021-10-27,6.090000152587891,6.090000152587891,6.21999979019165,6.0,6.139999866485596,14703372
2021-10-28,6.690000057220459,6.690000057220459,6.690000057220459,6.21999979019165,6.25,24861821
2021-11-01,6.949999809265137,6.949999809265137,7.320000171661377,6.800000190734863,7.090000152587891,34899023
2021-11-02,6.78000020980835,6.78000020980835,7.090000152587891,6.739999771118164,6.960000038146973,15810431
2021-11-03,7.119999885559082,7.119999885559082,7.320000171661377,6.800000190734863,6.800000190734863,47399546
2021-11-04,7.050000190734863,7.050000190734863,7.239999771118164,7.0,7.199999809265137,10429738
2021-11-05,7.130000114440918,7.130000114440918,7.380000114440918,7.03000020980835,7.039999961853027,17576271
2021-11-08,7.110000133514404,7.110000133514404,7.210000038146973,7.090000152587891,7.150000095367432,8662759
2021-11-09,6.989999771118164,6.989999771118164,7.159999847412109,6.989999771118164,7.119999885559082,8834758
2021-11-10,7.190000057220459,7.190000057220459,7.320000171661377,6.980000019073486,7.0,35036270
2021-11-11,7.03000020980835,7.03000020980835,7.239999771118164,7.0,7.170000076293945,15019361
2021-11-12,7.289999961853027,7.289999961853027,7.369999885559082,7.050000190734863,7.050000190734863,20814273
2021-11-15,8.010000228881836,8.010000228881836,8.010000228881836,7.550000190734863,7.599999904632568,46086668
2021-11-16,7.659999847412109,7.659999847412109,8.020000457763672,7.570000171661377,7.960000038146973,22253220
2021-11-17,7.940000057220459,7.940000057220459,7.96999979019165,7.679999828338623,7.679999828338623,15407949
2021-11-18,8.210000038146973,8.210000038146973,8.210000038146973,7.800000190734863,7.940000057220459,23821407
2021-11-19,8.90999984741211,8.90999984741211,8.989999771118164,8.239999771118164,8.239999771118164,26363410
2021-11-22,8.739999771118164,8.739999771118164,9.079999923706055,8.6899995803833,8.949999809265137,13695373
2021-11-23,8.520000457763672,8.520000457763672,8.989999771118164,8.279999732971191,8.699999809265137,20681158
2021-11-24,8.859999656677246,8.859999656677246,9.079999923706055,8.649999618530273,8.65999984741211,18756420
2021-11-25,9.449999809265137,9.449999809265137,9.579999923706055,8.779999732971191,8.880000114440918,46061537
2021-11-26,8.899999618530273,8.899999618530273,9.369999885559082,8.75,9.369999885559082,23777872
2021-11-29,8.920000076293945,8.920000076293945,9.130000114440918,8.800000190734863,9.029999732971191,12027858
2021-11-30,8.829999923706055,8.829999923706055,9.0600004196167,8.8100004196167,8.920000076293945,11286075
2021-12-01,8.930000305175781,8.930000305175781,9.109999656677246,8.880000114440918,8.880000114440918,10304579
2021-12-02,9.029999732971191,9.029999732971191,9.109999656677246,8.9399995803833,8.970000267028809,13081100
2021-12-03,9.210000038146973,9.210000038146973,9.4399995803833,9.029999732971191,9.100000381469727,15368305
2021-12-06,9.069999694824219,9.069999694824219,9.289999961853027,9.0,9.260000228881836,14667903
2021-12-07,9.199999809265137,9.199999809265137,9.25,9.109999656677246,9.119999885559082,10715707
2021-12-08,9.100000381469727,9.100000381469727,9.300000190734863,9.050000190734863,9.260000228881836,10196201
2021-12-09,9.0600004196167,9.0600004196167,9.1899995803833,9.050000190734863,9.130000114440918,8538588
2021-12-10,8.880000114440918,8.880000114440918,9.069999694824219,8.789999961853027,9.039999961853027,9904257
2021-12-13,9.149999618530273,9.149999618530273,9.220000267028809,8.899999618530273,8.9399995803833,11779199
2021-12-14,9.789999961853027,9.789999961853027,9.960000038146973,9.180000305175781,9.25,32655209
2021-12-15,9.350000381469727,9.350000381469727,9.970000267028809,9.350000381469727,9.880000114440918,14934994
2021-12-16,9.949999809265137,9.949999809265137,9.989999771118164,9.430000305175781,9.4399995803833,22616490
2021-12-17,8.960000038146973,8.960000038146973,10.619999885559082,8.960000038146973,10.050000190734863,26918473
2021-12-20,8.600000381469727,8.600000381469727,9.199999809265137,8.069999694824219,8.789999961853027,23940311
2021-12-21,7.949999809265137,7.949999809265137,9.100000381469727,7.840000152587891,9.039999961853027,14936109
2021-12-22,7.949999809265137,7.949999809265137,8.319999694824219,7.610000133514404,7.849999904632568,13122205
2021-12-23,8.210000038146973,8.210000038146973,8.25,7.679999828338623,8.079999923706055,10628309
2021-12-24,8.699999809265137,8.699999809265137,8.8100004196167,8.149999618530273,8.220000267028809,15765406
2021-12-27,9.399999618530273,9.399999618530273,9.399999618530273,8.729999542236328,8.729999542236328,17646927
2021-12-28,9.069999694824219,9.069999694824219,9.510000228881836,8.890000343322754,9.479999542236328,10818712
2021-12-29,9.260000228881836,9.260000228881836,9.359999656677246,8.970000267028809,9.069999694824219,10183314
2021-12-30,9.039999961853027,9.039999961853027,9.34000015258789,9.010000228881836,9.25,7064713
2021-12-31,9.050000190734863,9.050000190734863,9.210000038146973,9.020000457763672,9.079999923706055,5260021
2022-01-03,9.34000015258789,9.34000015258789,9.390000343322754,9.09000015258789,9.109999656677246,10961423
2022-01-04,9.25,9.25,9.460000038146973,9.109999656677246,9.359999656677246,12780095
2022-01-05,9.3100004196167,9.3100004196167,9.449999809265137,9.15999984741211,9.25,11196022
2022-01-06,9.350000381469727,9.350000381469727,9.579999923706055,9.15999984741211,9.229999542236328,12064117
2022-01-07,9.279999732971191,9.279999732971191,9.460000038146973,9.130000114440918,9.40999984741211,8910865
2022-01-10,9.319999694824219,9.319999694824219,9.470000267028809,9.319999694824219,9.350000381469727,7986744
2022-01-11,9.170000076293945,9.170000076293945,9.399999618530273,9.140000343322754,9.359999656677246,7527024
2022-01-12,9.460000038146973,9.460000038146973,9.850000381469727,9.239999771118164,9.239999771118164,34943824
2022-01-13,9.300000190734863,9.300000190734863,9.460000038146973,9.270000457763672,9.40999984741211,9098420
2022-01-14,9.369999885559082,9.369999885559082,9.430000305175781,9.260000228881836,9.300000190734863,5461044
2022-01-17,9.529999732971191,9.529999732971191,9.760000228881836,9.399999618530273,9.40999984741211,9720973
2022-01-18,9.029999732971191,9.029999732971191,9.65999984741211,9.029999732971191,9.5,8782346
2022-01-19,9.279999732971191,9.279999732971191,9.3100004196167,8.899999618530273,9.050000190734863,9723260
2022-01-20,9.010000228881836,9.010000228881836,9.359999656677246,8.869999885559082,9.279999732971191,8804206
2022-01-21,8.970000267028809,8.970000267028809,9.100000381469727,8.880000114440918,8.970000267028809,6835998
2022-01-24,8.529999732971191,8.529999732971191,9.119999885559082,8.460000038146973,8.979999542236328,8817802
2022-01-25,8.520000457763672,8.520000457763672,8.65999984741211,8.359999656677246,8.619999885559082,6880383
2022-01-26,8.600000381469727,8.600000381469727,8.75,8.520000457763672,8.520000457763672,6481733
2022-01-27,8.680000305175781,8.680000305175781,8.699999809265137,8.399999618530273,8.40999984741211,6334007
2022-01-28,8.720000267028809,8.720000267028809,8.859999656677246,8.670000076293945,8.720000267028809,5805769
2022-01-31,8.779999732971191,8.779999732971191,8.920000076293945,8.739999771118164,8.770000457763672,4855877
2022-02-01,8.8100004196167,8.8100004196167,8.930000305175781,8.800000190734863,8.8100004196167,5242368
2022-02-02,8.859999656677246,8.859999656677246,9.050000190734863,8.819999694824219,8.880000114440918,8175587
2022-02-03,8.5600004196167,8.5600004196167,8.920000076293945,8.489999771118164,8.819999694824219,5475923
2022-02-04,8.479999542236328,8.479999542236328,8.619999885559082,8.460000038146973,8.579999923706055,4259989
2022-02-07,8.609999656677246,8.609999656677246,8.640000343322754,8.430000305175781,8.430000305175781,5379160
2022-02-08,9.470000267028809,9.470000267028809,9.470000267028809,8.579999923706055,8.619999885559082,29569848
2022-02-09,9.350000381469727,9.350000381469727,9.75,9.229999542236328,9.600000381469727,17349029
2022-02-10,9.670000076293945,9.670000076293945,9.920000076293945,9.180000305175781,9.420000076293945,26460093
2022-02-11,9.390000343322754,9.390000343322754,9.770000457763672,9.34000015258789,9.630000114440918,11098345
2022-02-14,9.109999656677246,9.109999656677246,9.510000228881836,9.0600004196167,9.329999923706055,13487348
2022-02-15,9.239999771118164,9.239999771118164,9.350000381469727,9.149999618530273,9.149999618530273,5768027
2022-02-16,9.539999961853027,9.539999961853027,9.670000076293945,9.239999771118164,9.270000457763672,20644740
2022-02-17,9.140000343322754,9.140000343322754,9.640000343322754,9.09000015258789,9.5600004196167,12370626
2022-02-18,9.119999885559082,9.119999885559082,9.300000190734863,9.0600004196167,9.25,7093841
2022-02-21,9.199999809265137,9.199999809265137,9.380000114440918,9.130000114440918,9.180000305175781,9610425
2022-02-22,9.079999923706055,9.079999923706055,9.109999656677246,8.829999923706055,8.949999809265137,7589759
2022-02-23,9.050000190734863,9.050000190734863,9.3100004196167,8.989999771118164,9.140000343322754,7635542
2022-02-24,8.149999618530273,8.149999618530273,8.489999771118164,8.149999618530273,8.149999618530273,5736935
2022-02-25,8.699999809265137,8.699999809265137,8.770000457763672,8.119999885559082,8.199999809265137,11635138
2022-02-28,8.670000076293945,8.670000076293945,8.890000343322754,8.470000267028809,8.479999542236328,10720193
2022-03-01,9.220000267028809,9.220000267028809,9.289999961853027,8.670000076293945,8.760000228881836,17568483
2022-03-02,9.25,9.25,9.739999771118164,9.239999771118164,9.579999923706055,22877615
2022-03-03,9.15999984741211,9.15999984741211,9.369999885559082,9.140000343322754,9.300000190734863,10772925
2022-03-04,8.9399995803833,8.9399995803833,9.229999542236328,8.930000305175781,9.109999656677246,8733093
2022-03-07,8.970000267028809,8.970000267028809,9.050000190734863,8.550000190734863,8.800000190734863,18109564
2022-03-08,8.789999961853027,8.789999961853027,9.100000381469727,8.760000228881836,8.8100004196167,12111076
2022-03-09,8.850000381469727,8.850000381469727,8.960000038146973,8.789999961853027,8.869999885559082,10036292
2022-03-10,8.729999542236328,8.729999542236328,8.920000076293945,8.729999542236328,8.890000343322754,9353187
2022-03-11,8.779999732971191,8.779999732971191,8.859999656677246,8.729999542236328,8.739999771118164,6852904
2022-03-14,9.109999656677246,9.109999656677246,9.1899995803833,8.800000190734863,8.8100004196167,15846698
2022-03-15,8.84000015258789,8.84000015258789,9.170000076293945,8.8100004196167,9.149999618530273,11612935
2022-03-16,8.770000457763672,8.770000457763672,8.899999618530273,8.739999771118164,8.869999885559082,6870211
2022-03-17,8.829999923706055,8.829999923706055,8.890000343322754,8.789999961853027,8.789999961853027,6719301
2022-03-18,8.819999694824219,8.819999694824219,8.899999618530273,8.8100004196167,8.829999923706055,5431504
2022-03-21,8.960000038146973,8.960000038146973,9.09000015258789,8.850000381469727,8.869999885559082,13393111
2022-03-22,8.960000038146973,8.960000038146973,9.039999961853027,8.930000305175781,8.970000267028809,6604782
2022-03-23,8.960000038146973,8.960000038146973,9.109999656677246,8.960000038146973,9.0,11995868
2022-03-24,8.949999809265137,8.949999809265137,9.079999923706055,8.930000305175781,8.989999771118164,6396113
2022-03-25,9.020000457763672,9.020000457763672,9.119999885559082,8.970000267028809,8.979999542236328,9658788
2022-03-28,9.3100004196167,9.3100004196167,9.350000381469727,9.0600004196167,9.09000015258789,12690375
2022-03-29,9.289999961853027,9.289999961853027,9.569999694824219,9.270000457763672,9.369999885559082,15250821
2022-03-30,9.15999984741211,9.15999984741211,9.350000381469727,9.140000343322754,9.329999923706055,7783931
2022-03-31,9.130000114440918,9.130000114440918,9.25,9.09000015258789,9.210000038146973,6204724
2022-04-01,9.170000076293945,9.170000076293945,9.220000267028809,9.119999885559082,9.15999984741211,5130380
2022-04-04,9.329999923706055,9.329999923706055,9.399999618530273,9.180000305175781,9.199999809265137,12377441
2022-04-05,9.260000228881836,9.260000228881836,9.520000457763672,9.199999809265137,9.399999618530273,14225483
2022-04-06,9.149999618530273,9.149999618530273,9.350000381469727,9.119999885559082,9.25,8458796
2022-04-07,9.279999732971191,9.279999732971191,9.40999984741211,9.170000076293945,9.180000305175781,10955262
2022-04-08,9.680000305175781,9.680000305175781,9.779999732971191,9.329999923706055,9.329999923706055,25490682
2022-04-11,9.90999984741211,9.90999984741211,10.329999923706055,9.819999694824219,9.819999694824219,28083760
2022-04-12,9.770000457763672,9.770000457763672,9.899999618530273,9.680000305175781,9.880000114440918,11667163
2022-04-13,9.640000343322754,9.640000343322754,10.029999732971191,9.600000381469727,9.829999923706055,14949577
2022-04-14,10.239999771118164,10.239999771118164,10.260000228881836,9.649999618530273,9.770000457763672,20523730
2022-04-15,10.460000038146973,10.460000038146973,10.59000015258789,10.09000015258789,10.25,18138380
2022-04-18,10.479999542236328,10.479999542236328,10.770000457763672,10.449999809265137,10.5,14081724
2022-04-19,10.180000305175781,10.180000305175781,10.550000190734863,10.100000381469727,10.5,14490972
2022-04-20,10.4399995803833,10.4399995803833,10.449999809265137,10.210000038146973,10.210000038146973,11678473
2022-04-21,10.289999961853027,10.289999961853027,10.489999771118164,10.289999961853027,10.449999809265137,8074565
2022-04-22,9.800000190734863,9.800000190734863,10.399999618530273,9.770000457763672,10.199999809265137,12240558
2022-04-25,9.779999732971191,9.779999732971191,9.859999656677246,9.65999984741211,9.800000190734863,8025732
2022-04-26,9.510000228881836,9.510000228881836,9.970000267028809,9.329999923706055,9.850000381469727,8363923
2022-04-27,9.430000305175781,9.430000305175781,9.550000190734863,9.380000114440918,9.510000228881836,4735892
2022-04-28,9.489999771118164,9.489999771118164,9.609999656677246,9.4399995803833,9.489999771118164,4850685
2022-04-29,9.6899995803833,9.6899995803833,9.6899995803833,9.460000038146973,9.550000190734863,5053066
2022-05-05,9.329999923706055,9.329999923706055,9.479999542236328,9.279999732971191,9.479999542236328,11403266
2022-05-06,9.020000457763672,9.020000457763672,9.300000190734863,8.970000267028809,9.300000190734863,7834670
2022-05-09,8.850000381469727,8.850000381469727,9.09000015258789,8.819999694824219,8.960000038146973,5751947
2022-05-10,8.899999618530273,8.899999618530273,8.949999809265137,8.859999656677246,8.859999656677246,1006618
2022-05-11,8.640000343322754,8.640000343322754,8.960000038146973,8.579999923706055,8.760000228881836,6243160
2022-05-12,8.140000343322754,8.140000343322754,8.600000381469727,8.0600004196167,8.5600004196167,8442154
2022-05-13,8.479999542236328,8.479999542236328,8.479999542236328,8.220000267028809,8.220000267028809,4876542
2022-05-16,8.289999961853027,8.289999961853027,8.520000457763672,8.279999732971191,8.479999542236328,3863710
2022-05-17,8.319999694824219,8.319999694824219,8.479999542236328,8.229999542236328,8.289999961853027,3593139
2022-05-18,8.279999732971191,8.279999732971191,8.470000267028809,8.239999771118164,8.239999771118164,3930690
2022-05-20,8.079999923706055,8.079999923706055,8.399999618530273,8.079999923706055,8.25,3577081
2022-05-23,8.100000381469727,8.100000381469727,8.220000267028809,8.020000457763672,8.180000305175781,3393607
2022-05-24,8.140000343322754,8.140000343322754,8.279999732971191,8.100000381469727,8.149999618530273,4135234
2022-05-25,8.34000015258789,8.34000015258789,8.380000114440918,8.15999984741211,8.15999984741211,4548665
2022-05-26,8.460000038146973,8.460000038146973,8.5,8.34000015258789,8.369999885559082,3383002
2022-05-27,8.170000076293945,8.170000076293945,8.569999694824219,8.140000343322754,8.460000038146973,5471178
2022-05-30,8.3100004196167,8.3100004196167,8.369999885559082,8.25,8.25,3541526
2022-05-31,8.5,8.5,8.640000343322754,8.319999694824219,8.319999694824219,9736634
2022-06-01,8.479999542236328,8.479999542236328,8.670000076293945,8.470000267028809,8.539999961853027,7892524
2022-06-02,8.420000076293945,8.420000076293945,8.579999923706055,8.300000190734863,8.510000228881836,8757765
2022-06-03,8.300000190734863,8.300000190734863,8.4399995803833,8.260000228881836,8.40999984741211,3933972
2022-06-06,8.430000305175781,8.430000305175781,8.449999809265137,8.329999923706055,8.329999923706055,4368615
2022-06-07,8.520000457763672,8.520000457763672,8.5600004196167,8.380000114440918,8.430000305175781,7627887
2022-06-08,8.319999694824219,8.319999694824219,8.680000305175781,8.270000457763672,8.569999694824219,9951487
2022-06-09,8.270000457763672,8.270000457763672,8.380000114440918,8.140000343322754,8.350000381469727,3481016
2022-06-10,8.15999984741211,8.15999984741211,8.329999923706055,8.119999885559082,8.210000038146973,3816042
2022-06-13,8.010000228881836,8.010000228881836,8.199999809265137,8.0,8.109999656677246,3369409
2022-06-14,7.929999828338623,7.929999828338623,8.069999694824219,7.880000114440918,8.010000228881836,3398141
2022-06-15,7.900000095367432,7.900000095367432,8.0,7.889999866485596,7.909999847412109,3467817
2022-06-16,7.730000019073486,7.730000019073486,8.050000190734863,7.699999809265137,7.920000076293945,5220611
2022-06-17,7.900000095367432,7.900000095367432,7.920000076293945,7.730000019073486,7.730000019073486,3844245
2022-06-20,7.849999904632568,7.849999904632568,7.960000038146973,7.820000171661377,7.920000076293945,3240210
2022-06-21,7.909999847412109,7.909999847412109,7.960000038146973,7.880000114440918,7.889999866485596,3950157
2022-06-22,7.860000133514404,7.860000133514404,7.909999847412109,7.829999923706055,7.889999866485596,2611469
2022-06-23,7.800000190734863,7.800000190734863,7.940000057220459,7.75,7.849999904632568,3298516
2022-06-24,7.820000171661377,7.820000171661377,7.869999885559082,7.789999961853027,7.809999942779541,2574852
2022-06-27,7.869999885559082,7.869999885559082,7.960000038146973,7.71999979019165,7.789999961853027,6817811
2022-06-28,8.1899995803833,8.1899995803833,8.470000267028809,7.900000095367432,7.900000095367432,18570695
2022-06-29,8.130000114440918,8.130000114440918,8.529999732971191,8.050000190734863,8.210000038146973,11497493
2022-06-30,7.960000038146973,7.960000038146973,8.15999984741211,7.909999847412109,8.119999885559082,4660992
2022-07-01,8.039999961853027,8.039999961853027,8.180000305175781,7.920000076293945,7.929999828338623,4219000
2022-07-04,7.960000038146973,7.960000038146973,8.180000305175781,7.949999809265137,8.0600004196167,3658636
2022-07-05,7.760000228881836,7.760000228881836,8.0,7.730000019073486,7.96999979019165,2660062
2022-07-06,7.789999961853027,7.789999961853027,7.840000152587891,7.75,7.78000020980835,2540431
2022-07-07,8.100000381469727,8.100000381469727,8.199999809265137,7.809999942779541,7.809999942779541,5277767
2022-07-08,8.100000381469727,8.100000381469727,8.1899995803833,8.069999694824219,8.079999923706055,1019653
2022-07-13,8.229999542236328,8.229999542236328,8.300000190734863,8.119999885559082,8.140000343322754,3672833
2022-07-14,8.220000267028809,8.220000267028809,8.489999771118164,8.1899995803833,8.260000228881836,4992929
2022-07-18,8.300000190734863,8.300000190734863,8.390000343322754,8.279999732971191,8.319999694824219,3304319
2022-07-19,8.270000457763672,8.270000457763672,8.390000343322754,8.270000457763672,8.289999961853027,4043227
2022-07-20,8.300000190734863,8.300000190734863,8.380000114440918,8.270000457763672,8.289999961853027,4459721
2022-07-21,8.670000076293945,8.670000076293945,8.680000305175781,8.300000190734863,8.3100004196167,13733820
2022-07-22,8.649999618530273,8.649999618530273,8.800000190734863,8.5,8.720000267028809,8101417
2022-07-25,8.680000305175781,8.680000305175781,8.779999732971191,8.65999984741211,8.680000305175781,3682133
2022-07-26,8.75,8.75,8.899999618530273,8.649999618530273,8.710000038146973,10111808
2022-07-27,8.729999542236328,8.729999542236328,8.850000381469727,8.729999542236328,8.789999961853027,3699940
2022-07-28,8.869999885559082,8.869999885559082,8.899999618530273,8.760000228881836,8.760000228881836,6605130
2022-07-29,8.850000381469727,8.850000381469727,9.0,8.829999923706055,8.890000343322754,5061396
